Product_ID,Batch_ID,Component_Type,Supplier_ID,Inspection_Score,Packaging_Integrity,Serialization_Status
P301-01,BATCH_301,Brake_Pad,SUPP_A,92,Yes,Yes
P301-02,BATCH_301,Brake_Pad,SUPP_A,90,Yes,Yes
P301-03,BATCH_301,Brake_Pad,SUPP_A,88,Yes,Yes
P301-04,BATCH_301,Brake_Pad,SUPP_A,91,Yes,Yes
P301-05,BATCH_301,Brake_Pad,SUPP_A,89,Yes,Yes
P301-06,BATCH_301,Brake_Pad,SUPP_A,87,Yes,Yes
P301-07,BATCH_301,Brake_Pad,SUPP_A,93,Yes,Yes
P301-08,BATCH_301,Brake_Pad,SUPP_A,90,Yes,Yes
P301-09,BATCH_301,Brake_Pad,SUPP_A,88,Yes,Yes
P301-10,BATCH_301,Brake_Pad,SUPP_A,91,Yes,Yes
P302-01,BATCH_302,Sensor_Module,SUPP_B,65,No,No
P302-02,BATCH_302,Sensor_Module,SUPP_B,68,Yes,Yes
P302-03,BATCH_302,Sensor_Module,SUPP_B,70,No,Yes
P302-04,BATCH_302,Sensor_Module,SUPP_B,62,No,No
P302-05,BATCH_302,Sensor_Module,SUPP_B,66,No,No
P302-06,BATCH_302,Sensor_Module,SUPP_B,69,Yes,Yes
P302-07,BATCH_302,Sensor_Module,SUPP_B,64,No,No
P302-08,BATCH_302,Sensor_Module,SUPP_B,67,Yes,Yes
P302-09,BATCH_302,Sensor_Module,SUPP_B,71,No,Yes
P302-10,BATCH_302,Sensor_Module,SUPP_B,63,No,No
P303-01,BATCH_303,ECU,SUPP_C,94,Yes,Yes
P303-02,BATCH_303,ECU,SUPP_C,92,Yes,Yes
P303-03,BATCH_303,ECU,SUPP_C,93,Yes,Yes
P303-04,BATCH_303,ECU,SUPP_C,91,Yes,Yes
P303-05,BATCH_303,ECU,SUPP_C,90,Yes,Yes
P303-06,BATCH_303,ECU,SUPP_C,92,Yes,Yes
P303-07,BATCH_303,ECU,SUPP_C,94,Yes,Yes
P303-08,BATCH_303,ECU,SUPP_C,93,Yes,Yes
P303-09,BATCH_303,ECU,SUPP_C,91,Yes,Yes
P303-10,BATCH_303,ECU,SUPP_C,92,Yes,Yes
P304-01,BATCH_304,Fuel_Injector,SUPP_D,72,No,Yes
P304-02,BATCH_304,Fuel_Injector,SUPP_D,69,No,No
P304-03,BATCH_304,Fuel_Injector,SUPP_D,71,No,Yes
P304-04,BATCH_304,Fuel_Injector,SUPP_D,68,No,No
P304-05,BATCH_304,Fuel_Injector,SUPP_D,70,No,Yes
P304-06,BATCH_304,Fuel_Injector,SUPP_D,67,No,No
P304-07,BATCH_304,Fuel_Injector,SUPP_D,73,No,Yes
P304-08,BATCH_304,Fuel_Injector,SUPP_D,69,No,No
P304-09,BATCH_304,Fuel_Injector,SUPP_D,71,No,Yes
P304-10,BATCH_304,Fuel_Injector,SUPP_D,68,No,No
P305-01,BATCH_305,Clutch_Plate,SUPP_E,90,Yes,Yes
P305-02,BATCH_305,Clutch_Plate,SUPP_E,91,Yes,Yes
P305-03,BATCH_305,Clutch_Plate,SUPP_E,89,Yes,Yes
P305-04,BATCH_305,Clutch_Plate,SUPP_E,88,Yes,Yes
P305-05,BATCH_305,Clutch_Plate,SUPP_E,92,Yes,Yes
P305-06,BATCH_305,Clutch_Plate,SUPP_E,90,Yes,Yes
P305-07,BATCH_305,Clutch_Plate,SUPP_E,91,Yes,Yes
P305-08,BATCH_305,Clutch_Plate,SUPP_E,89,Yes,Yes
P305-09,BATCH_305,Clutch_Plate,SUPP_E,90,Yes,Yes
P305-10,BATCH_305,Clutch_Plate,SUPP_E,92,Yes,Yes
P306-01,BATCH_306,Alternator,SUPP_F,88,Yes,Yes
P306-02,BATCH_306,Alternator,SUPP_F,86,Yes,Yes
P306-03,BATCH_306,Alternator,SUPP_F,89,Yes,Yes
P306-04,BATCH_306,Alternator,SUPP_F,85,Yes,Yes
P306-05,BATCH_306,Alternator,SUPP_F,87,Yes,Yes
P306-06,BATCH_306,Alternator,SUPP_F,84,Yes,Yes
P306-07,BATCH_306,Alternator,SUPP_F,90,Yes,Yes
P306-08,BATCH_306,Alternator,SUPP_F,86,Yes,Yes
P306-09,BATCH_306,Alternator,SUPP_F,88,Yes,Yes
P306-10,BATCH_306,Alternator,SUPP_F,85,Yes,Yes
P307-01,BATCH_307,Steering_Rack,SUPP_G,91,Yes,Yes
P307-02,BATCH_307,Steering_Rack,SUPP_G,92,Yes,Yes
P307-03,BATCH_307,Steering_Rack,SUPP_G,90,Yes,Yes
P307-04,BATCH_307,Steering_Rack,SUPP_G,89,Yes,Yes
P307-05,BATCH_307,Steering_Rack,SUPP_G,93,Yes,Yes
P307-06,BATCH_307,Steering_Rack,SUPP_G,91,Yes,Yes
P307-07,BATCH_307,Steering_Rack,SUPP_G,92,Yes,Yes
P307-08,BATCH_307,Steering_Rack,SUPP_G,90,Yes,Yes
P307-09,BATCH_307,Steering_Rack,SUPP_G,89,Yes,Yes
P307-10,BATCH_307,Steering_Rack,SUPP_G,93,Yes,Yes
P308-01,BATCH_308,ABS_Module,SUPP_H,70,No,Yes
P308-02,BATCH_308,ABS_Module,SUPP_H,68,No,No
P308-03,BATCH_308,ABS_Module,SUPP_H,71,No,Yes
P308-04,BATCH_308,ABS_Module,SUPP_H,69,No,No
P308-05,BATCH_308,ABS_Module,SUPP_H,72,No,Yes
P308-06,BATCH_308,ABS_Module,SUPP_H,67,No,No
P308-07,BATCH_308,ABS_Module,SUPP_H,70,No,Yes
P308-08,BATCH_308,ABS_Module,SUPP_H,68,No,No
P308-09,BATCH_308,ABS_Module,SUPP_H,71,No,Yes
P308-10,BATCH_308,ABS_Module,SUPP_H,66,No,No
P309-01,BATCH_309,Suspension_Arm,SUPP_I,89,Yes,Yes
P309-02,BATCH_309,Suspension_Arm,SUPP_I,90,Yes,Yes
P309-03,BATCH_309,Suspension_Arm,SUPP_I,88,Yes,Yes
P309-04,BATCH_309,Suspension_Arm,SUPP_I,87,Yes,Yes
P309-05,BATCH_309,Suspension_Arm,SUPP_I,91,Yes,Yes
P309-06,BATCH_309,Suspension_Arm,SUPP_I,89,Yes,Yes
P309-07,BATCH_309,Suspension_Arm,SUPP_I,90,Yes,Yes
P309-08,BATCH_309,Suspension_Arm,SUPP_I,88,Yes,Yes
P309-09,BATCH_309,Suspension_Arm,SUPP_I,87,Yes,Yes
P309-10,BATCH_309,Suspension_Arm,SUPP_I,91,Yes,Yes
P310-01,BATCH_310,Timing_Belt,SUPP_J,75,No,Yes
P310-02,BATCH_310,Timing_Belt,SUPP_J,73,No,No
P310-03,BATCH_310,Timing_Belt,SUPP_J,76,No,Yes
P310-04,BATCH_310,Timing_Belt,SUPP_J,72,No,No
P310-05,BATCH_310,Timing_Belt,SUPP_J,74,No,Yes
P310-06,BATCH_310,Timing_Belt,SUPP_J,71,No,No
P310-07,BATCH_310,Timing_Belt,SUPP_J,77,No,Yes
P310-08,BATCH_310,Timing_Belt,SUPP_J,73,No,No
P310-09,BATCH_310,Timing_Belt,SUPP_J,76,No,Yes
P310-10,BATCH_310,Timing_Belt,SUPP_J,72,No,No
